﻿<?xml version="1.0" encoding="utf-8" standalone="yes"?>
<languages>
    <language name="English" id="en">
        <tinymcespellchecker>
            <title>TinyMCESpellChecker</title>
            
            <gadget>
                <title>TinyMCESpellChecker</title>
            </gadget>

            <client>
            </client>

            <error>
                <cannotdeserializerequest>Cannot deserialize the request's JSON data</cannotdeserializerequest>
                <vppconfigurationnotfound>VPP configuration for ProtectedAddons is not correct/existed. TinyMCESpellChecker Addon cannot locate its *.aff and *.dic files</vppconfigurationnotfound>
                <affdicfilenotexist>Required files [{0}.aff] and [{0}.dic] are not found for language [{0}]</affdicfilenotexist>
            </error>
            
            <plugin>
            </plugin>
            
        </tinymcespellchecker>
    </language>
</languages>